[
  {
    "country": "Argentina",
    "gdp": "498.70"
  },
  {
    "country": "Australia",
    "gdp": "1589.12"
  },
  {
    "country": "Brazil",
    "gdp": "2456.66"
  },
  {
    "country": "Canada",
    "gdp": "1843.75"
  },
  {
    "country": "China",
    "gdp": "9020.31"
  },
  {
    "country": "France",
    "gdp": "2739.27"
  },
  {
    "country": "Germany",
    "gdp": "3597.97"
  },
  {
    "country": "India",
    "gdp": "1972.84"
  },
  {
    "country": "Indonesia",
    "gdp": "946.39"
  },
  {
    "country": "Italy",
    "gdp": "2076.01"
  },
  {
    "country": "Japan",
    "gdp": "5149.90"
  },
  {
    "country": "Mexico",
    "gdp": "1274.97"
  },
  {
    "country": "Russia",
    "gdp": "2213.57"
  },
  {
    "country": "Saudi Arabia",
    "gdp": "745.62"
  },
  {
    "country": "South Africa",
    "gdp": "375.99"
  },
  {
    "country": "Republic of Korea",
    "gdp": "1258.59"
  },
  {
    "country": "Turkey",
    "gdp": "851.82"
  },
  {
    "country": "United Kingdom",
    "gdp": "2422.92"
  },
  {
    "country": "USA",
    "gdp": "16237.75"
  }
]
