[
  {
    "country": "Argentina",
    "ppb": "776.28"
  },
  {
    "country": "Australia",
    "ppb": "1015.94"
  },
  {
    "country": "Brazil",
    "ppb": "2466.57"
  },
  {
    "country": "Canada",
    "ppb": "1534.94"
  },
  {
    "country": "China",
    "ppb": "13623.26"
  },
  {
    "country": "France",
    "ppb": "2289.92"
  },
  {
    "country": "Germany",
    "ppb": "3269.56"
  },
  {
    "country": "India",
    "ppb": "5031.68"
  },
  {
    "country": "Indonesia",
    "ppb": "1314.66"
  },
  {
    "country": "Italy",
    "ppb": "1835.66"
  },
  {
    "country": "Japan",
    "ppb": "4778.52"
  },
  {
    "country": "Mexico",
    "ppb": "1848.42"
  },
  {
    "country": "Russia",
    "ppb": "2640.74"
  },
  {
    "country": "Saudi Arabia",
    "ppb": "735.82"
  },
  {
    "country": "South Africa",
    "ppb": "608.80"
  },
  {
    "country": "Republic of Korea",
    "ppb": "1687.14"
  },
  {
    "country": "Turkey",
    "ppb": "1181.01"
  },
  {
    "country": "United Kingdom",
    "ppb": "2391.04"
  },
  {
    "country": "USA",
    "ppb": "16237.75"
  }
]
